Topic,Title,URL
technology,Stimuli-Responsive Gelation of Fmoc-L-Tyrosine Derivatives to Supramolecular Architectures Via Cold Atmospheric Plasma Technology,https://pubs.rsc.org/en/content/articlelanding/2025/cp/d5cp02585k
technology,We Store Frozen Partners with Zimark to Revolutionize Cold Storage Technology in Texas,https://www.globenewswire.com/news-release/2025/10/28/3176044/0/en/We-Store-Frozen-Partners-with-Zimark-to-Revolutionize-Cold-Storage-Technology-in-Texas.html
technology,Emma Thompson erupts in expletive-filled tirade over AI technology,https://www.the-independent.com/arts-entertainment/tv/news/emma-thompson-ai-stephen-colbert-b2854090.html
sports,Sports mafia ties run deeper than NBA gambling scandal,https://freerepublic.com/focus/f-chat/4349285/posts
sports,NCAA delays date when bets on pro sports allowed,https://www.espn.com/college-sports/story/_/id/46762598/ncaa-delays-rule-change-permitting-college-athletes-bet-professional-sports
sports,"Tom Aspinall unable to see out of right eye 3 days after UFC 321 controversy, says father: 'It's bad' - Yahoo Sports",https://slashdot.org/firehose.pl?op=view&amp;id=179901020
finance,Ben Bader Dead – Miami Finance & Lifestyle Influencer Dies at 25: Final Post Revealed & Family Speaks Out - Just Jared,https://slashdot.org/firehose.pl?op=view&amp;id=179900264
finance,What It Will Actually Take to Bridge the Gap Between DeFi and Traditional Finance,https://biztoc.com/x/730c27bea2c0d06d
finance,"Fortanix and Nvidia team up to enable confidential AI in healthcare, finance and government",https://siliconangle.com/2025/10/28/fortanix-nvidia-team-enable-confidential-ai-healthcare-finance-government/
politics,Fox News Politics Newsletter: Schumer again blocks GOP bid as air traffic controllers go unpaid,https://www.foxnews.com/politics/fox-news-politics-newsletter-schumer-again-blocks-gop-bid-air-traffic-controllers-go-unpaid
politics,"The politics of compromise might look good for Murray Watt, but it sure doesn’t work for us",http://www.crikey.com.au/2025/10/29/epbc-act-reforms-murray-watt-compromise-climate-change/
politics,What Andrew Cuomo's narrow path to a NYC comeback would look like: From the Politics Desk,https://www.nbcnews.com/politics/politics-news/andrew-cuomo-narrow-path-nyc-comeback-politics-desk-rcna240361
health,"Neurogen Biomarking: A Premium, Impact Focused Model for Proactive Brain Health",https://www.medicaldaily.com/neurogen-biomarking-premium-impact-focused-model-proactive-brain-health-473869
health,CeraVeCeraVeは、世界スキン・ヘルス・デイ（World Skin Health Day）に、十分なケアを受けられていない患者にケアを提供するために、世界のスキン・ヘルス分野のリーダーを支援します,https://japan.cnet.com/release/31124354/
health,"The Republican Health Care Trap, Episode 78",https://www.thebulwark.com/p/the-republican-health-care-trap-replacing-obamacare
science,7 basic science discoveries that changed the world,https://www.nature.com/articles/d41586-025-03474-x
science,The science of why some spaces feel haunted—even when they're not,https://www.nationalgeographic.com/science/article/how-architecture-affects-fear-and-perception
science,"China Closing In on US as Leader in Global Science, Study Shows",https://biztoc.com/x/7b4373f98a91eb6c
travel,10 great autumn Japan travel spots for fall colors and retro atmosphere【Survey】,https://soranews24.com/2025/10/29/10-great-autumn-japan-travel-spots-for-fall-colors-and-retro-atmosphere%e3%80%90survey%e3%80%91/
travel,This is the only power bank I'll ever need for work travel (and all the gadgets it can charge),https://www.zdnet.com/home-and-office/energy/this-is-the-only-power-bank-ill-ever-need-for-work-travel-and-all-the-gadgets-it-can-charge/
travel,Spike in cross border travel signals ‘strong recovery’,https://www.thestar.com.my/news/nation/2025/10/29/spike-in-cross-border-travel-signals-strong-recovery
